island,id,ahupuaa,moku,name_meaning,land,mahele,life,place_names,ok_name,ok_land,ok_mahele,ok_life,ok_places,correction,reviewer_org,reviewed_on
maui,721,Kalihi,Honuaʻula,"Kalihi: ""the edge"" (PEM)",ground 0 to 2210 ft; rain 15 to 25 in a year,,Naio / Myoporum sandwicense; Pua kala / Argemone glauca; Pilikoʻa / Redbarred Hawkfish / Cirrhitops fasciatus; Wiliwili / Erythrina sandwicensis; Zebra Blenny / Istiblennius zebra; Hinalea lau-wili / Saddle Wrasse / Thalassoma duperrey; Hawaiian Sergeant Major / Abudefduf abdominalis; Painted Hermit Crab / Calcinus pictus; Gaskoin's Cowry / Cribrarula gaskoini,8,,,,,,,,
maui,720,Kaloʻi,Honuaʻula,"Kaloʻi: ""the taro patch"" (PEM)",ground 0 to 2770 ft; rain 15 to 25 in a year,"Kaloʻi: Government land, Kaunuohua",Wiliwili / Erythrina sandwicensis; Pua kala / Argemone glauca; Zebra Blenny / Istiblennius zebra,1,,,,,,,,
maui,718,Kanahena,Honuaʻula,,ground 0 to 1840 ft; rain 15 to 25 in a year,,Manini / Hawaiian Convict Surgeonfish / Acanthurus sandvicensis; Hinalea lau-wili / Saddle Wrasse / Thalassoma duperrey; Kole / Goldring Surgeonfish / Ctenochaetus strigosus; Hawaiian Cleaner Wrasse / Labroides phthirophagus; Giant Hawaiian Darner / Anax strenuus; Painted Hermit Crab / Calcinus pictus; ʻOpihi makaiauli / Black-foot ʻOpihi / Cellana exarata; ʻOpihi koʻele / Giant ʻOpihi / Cellana talcosa; Wiliwili / Erythrina sandwicensis; Leho Kōlea / Reticulated Cowrie / Mauritia maculifera; Naio / Myoporum sandwicense,16,,,,,,,,
maui,710,Kanaio,Honuaʻula,"Kanaio: ""the bastard sandalwood tree"" (PEM)",ground 0 to 7150 ft; rain 15 to 35 in a year,"Kanaio: Government land, Kaunuohua",Wiliwili / Erythrina sandwicensis; Pua kala / Argemone glauca; Koa Seedworm / Cryptophlebia illepida; Nēnē / Hawaiian Goose / Branta sandvicensis; Hawaiian Blue / Udara blackburni; Oahu Sedge / Carex wahuensis; Alaweo / ʻAweoweo / Chenopodium oahuense; ʻIʻiwi / Drepanis coccinea; Hinalea lau-wili / Saddle Wrasse / Thalassoma duperrey,24,,,,,,,,
maui,714,Keauhou,Honuaʻula,"Keauhou: ""the new era or the new current"" (PEM)",ground 0 to 5450 ft; rain 15 to 25 in a year,"Keauhou: konohiki land, Hoomanawanui, LCA 6715",Koa / Acacia koa; Painted Hermit Crab / Calcinus pictus; ʻOpihi makaiauli / Black-foot ʻOpihi / Cellana exarata; Āholehole / Hawaiian Flagtail / Kuhlia xenura; Naio / Myoporum sandwicense; Olomea / Perrottetia sandwicensis,12,,,,,,,,
maui,719,Kualapa,Honuaʻula,"Kualapa: ""ridge"" (PEM)",ground 0 to 1950 ft; rain 15 to 25 in a year,"Kualapa: Government land, Kaiama",Wiliwili / Erythrina sandwicensis; Naio / Myoporum sandwicense; Oval Chromis / Chromis ovalis,4,,,,,,,,
maui,717,Mohopilo,Honuaʻula,"Mohopilo: ""rail bird bad smell"" (PEM)",ground 0 to 1850 ft; rain 15 to 25 in a year,,Aeʻo / Hawaiian Stilt / Himantopus mexicanus; Zebra Blenny / Istiblennius zebra; Pua kala / Argemone glauca; Manini / Hawaiian Convict Surgeonfish / Acanthurus sandvicensis; ʻOpihi makaiauli / Black-foot ʻOpihi / Cellana exarata; Wiliwili / Erythrina sandwicensis; ʻAlae keʻokeʻo / Hawaiian Coot / Fulica alai; Pāʻū o Hiʻiaka / Jacquemontia sandwicensis; Painted Hermit Crab / Calcinus pictus; ʻOpihi ʻālinalina / Yellow-foot ʻOpihi / Cellana sandwicensis; Puhi uha / Hawaiian Mustache Conger / Conger marginatus; Naio / Myoporum sandwicense; Chocolate-dip Chromis / Pycnochromis hanui; Henshaw's shore crab / Cyclograpsus henshawi; Leho Kōlea / Reticulated Cowrie / Mauritia maculifera,,,,,,,,,
maui,711,Palauea,Honuaʻula,"Palauea: ""lazy"" (PEM)",ground 0 to 5470 ft; rain 15 to 25 in a year,,Zebra Blenny / Istiblennius zebra; ʻŌhiʻa Lehua / Metrosideros polymorpha; Manini / Hawaiian Convict Surgeonfish / Acanthurus sandvicensis; Painted Hermit Crab / Calcinus pictus; Hawaiian Spotted Toby / Canthigaster jactator; ʻOpihi makaiauli / Black-foot ʻOpihi / Cellana exarata; ʻAlae keʻokeʻo / Hawaiian Coot / Fulica alai; Naio / Myoporum sandwicense; Kīkākapu / Pebbled Butterflyfish / Chaetodon multicinctus; Wiliwili / Erythrina sandwicensis; Gold Lace Nudibranch / Halgerda terramtuentis; Pāʻū o Hiʻiaka / Jacquemontia sandwicensis; Leho Kōlea / Reticulated Cowrie / Mauritia maculifera,11,,,,,,,,
maui,723,Papaka Kai,Honuaʻula,"Papaka Kai: ""seaward Papaka"" (PE)",ground 0 to 1290 ft; rain 15 to 15 in a year,,Aeʻo / Hawaiian Stilt / Himantopus mexicanus; Pua kala / Argemone glauca; Zebra Blenny / Istiblennius zebra; Naio / Myoporum sandwicense,11,,,,,,,,
maui,722,Papaka Uka,Honuaʻula,"Papaka Uka: ""inland Papaka"" (PE)",ground 1320 to 2220 ft; rain 25 to 25 in a year,,,11,,,,,,,,
maui,691,Papaʻanui,Honuaʻula,"Papaʻanui: ""secure enclosure"" (PEM)",ground 6800 to 10020 ft; rain 35 to 100 in a year,"Papaʻanui: Government land, Lunalilo",Kūpaoa / Dubautia menziesii; He ʻu pueo / Mountain pili / Trisetum glomeratum; ʻŌhelo ʻai / ʻOhelo ʻai / Vaccinium reticulatum; Kūkaenēnē / ʻAiakanene / Coprosma ernodeoides; Nēnē / Hawaiian Goose / Branta sandvicensis; Hawaiian Blue / Udara blackburni; ʻApapane / Himatione sanguinea; Haleakalā Flightless Moth / Thyrocopa apatela; Transparent Winged Plant Bug / Hyalopeplus pellucidus; ʻIʻiwi / Drepanis coccinea; Koa bug / Coleotichus blackburniae,39,,,,,,,,
maui,715,Papaʻanui,Honuaʻula,"Papaʻanui: ""secure enclosure"" (PEM)",ground 0 to 4500 ft; rain 15 to 25 in a year; streams Kapuaikea,"Papaʻanui: Government land, Lunalilo",ʻŌhiʻa Lehua / Metrosideros polymorpha; Manini / Hawaiian Convict Surgeonfish / Acanthurus sandvicensis; Hinalea lau-wili / Saddle Wrasse / Thalassoma duperrey; Painted Hermit Crab / Calcinus pictus; Aeʻo / Hawaiian Stilt / Himantopus mexicanus; ʻAʻawa / Hawaiian Hogfish / Bodianus albotaeniatus; Hawaiian Spotted Toby / Canthigaster jactator; ʻŌhelo ʻai / ʻOhelo ʻai / Vaccinium reticulatum,39,,,,,,,,
maui,716,Papaʻanui,Honuaʻula,"Papaʻanui: ""secure enclosure"" (PEM)",ground 0 to 0 ft,"Papaʻanui: Government land, Lunalilo",,39,,,,,,,,
maui,627,East Hanawana,Hāmākualoa,"East Hanawana: ""sea urchin bay"" (PEM)",ground 10 to 1340 ft; rain 120 to 140 in a year; streams Hanawana (all year),,,13,,,,,,,,
maui,602,East Kaupakulua,Hāmākualoa,"East Kaupakulua: ""two ridgepoles"" (PEM)","ground 0 to 540 ft; rain 65 to 65 in a year; streams Kapukaulua Gulch (all year), Manawaiiao (all year)",,,17,,,,,,,,
maui,634,East Kaupakulua,Hāmākualoa,"East Kaupakulua: ""two ridgepoles"" (PEM)",ground 880 to 2700 ft; rain 100 to 140 in a year; streams Kapukaulua Gulch (all year),,,17,,,,,,,,
maui,607,Halehaku,Hāmākualoa,"Halehaku: ""master house"" (PEM)","ground 0 to 3170 ft; rain 80 to 200 in a year; streams Honopou (all year), Kākipi Gulch (all year)","Halehaku: konohiki land, Keoni Ana, LCA 8515",,32,,,,,,,,
maui,618,Hanehoi,Hāmākualoa,,"ground 0 to 1280 ft; rain 100 to 140 in a year; streams Hanehoi (all year), Hoalua (all year)",,,11,,,,,,,,
maui,600,Haʻikū,Hāmākualoa,"Haʻikū: ""speak abruptly, or sharp break"" (PEM)","ground 0 to 2560 ft; rain 50 to 140 in a year; streams Kanemoeala Gulch, Kuiaha East Gulch, Kuiaha Gulch (all year), Māliko Gulch (all year)",,Koa / Acacia koa; Koa bug / Coleotichus blackburniae; ʻAʻawa / Hawaiian Hogfish / Bodianus albotaeniatus; ʻĀkia / Wikstroemia uva-ursi,38,,,,,,,,
maui,665,Haʻikū Uka,Hāmākualoa,"Haʻikū Uka: ""upland Haʻi-kū"" (PE)","ground 2490 to 8070 ft; rain 120 to 240 in a year; streams Haipuaʻena (all year), Hanehoi, Honomanū (all year), Kailua (all year), Kākipi Gulch (all year), Kōpiliʻula (all year)",,Toothed firmoss / Huperzia erosa; Kōlea lau nui / Myrsine lessertiana; Nananana Makakiʻi / Hawaiian Happy Face Spider / Theridion grallator; Kolokolo / Adenophorus tenellus; ʻŌlapa / Cheirodendron trigynum,38,,,,,,,,
maui,611,Honopou,Hāmākualoa,"Honopou: ""post harbor"" (PEM)","ground 0 to 3160 ft; rain 80 to 220 in a year; streams Hanehoi (all year), Honokalā Gulch, Honopou (all year), Hoʻolawa (all year), Kailua (all year), Mokupapa Gulch","Honopou: Government land, Leleiohoku",Koa / Acacia koa; ʻĀkia / Wikstroemia uva-ursi,21,,,,,,,,
maui,612,Hāmākualoa,Hāmākualoa,"Hāmākualoa: ""long Hāmākua"" (PEM)","ground 210 to 1150 ft; rain 65 to 80 in a year; streams Kapukaulua Gulch (all year), Konanui Gulch, Kuiaha East Gulch, Kuiaha Gulch (all year), Manawaiiao (all year)",,Oahu Sedge / Carex wahuensis,,,,,,,,,
maui,603,Keaaula,Hāmākualoa,"Keaaula: ""the red root"" (PE)","ground 0 to 860 ft; rain 65 to 80 in a year; streams Manawai Gulch, Uaoa (all year)",,,3,,,,,,,,
maui,609,Kealiʻiiki,Hāmākualoa,"Kealiʻiiki: ""small Ke-aliʻi"" (PE)",ground 0 to 570 ft; rain 80 to 80 in a year; streams Kealiʻi Gulch,,,8,,,,,,,,
maui,599,Kuiaha,Hāmākualoa,,"ground 0 to 340 ft; rain 50 to 50 in a year; streams Konanui Gulch, Kuiaha East Gulch, Kuiaha Gulch (all year)","Kuiaha: Government land, Kekauonohi",Zebra Blenny / Istiblennius zebra,27,,,,,,,,
maui,614,Mokupapa,Hāmākualoa,"Mokupapa: ""flat island"" (PEM)","ground 0 to 760 ft; rain 100 to 120 in a year; streams Mokupapa Gulch, Waipiʻo (all year)",,Hāpuʻu pulu / Cibotium glaucum,3,,,,,,,,
maui,597,Paʻuwela,Hāmākualoa,"Paʻuwela: ""hot soot"" (PEM)","ground 0 to 460 ft; rain 50 to 50 in a year; streams Kanemoeala Gulch, Kuiaha Gulch (all year)",,Pāʻū o Hiʻiaka / Jacquemontia sandwicensis,28,,,,,,,,
maui,605,Peahi,Hāmākualoa,,"ground 0 to 3140 ft; rain 65 to 180 in a year; streams Kākipi Gulch (all year), Kealiʻi Gulch, Peʻahi Gulch, Uaoa (all year)","Peahi: Government land, Kinimaka",,8,,,,,,,,
maui,601,Ulumalu,Hāmākualoa,,"ground 0 to 2190 ft; rain 65 to 120 in a year; streams Holumalu Gulch, Kapukaulua Gulch (all year), Manawaiiao (all year), Uaoa (all year)","Ulumalu: konohiki land, N. Namauu, LCA 10474",Koa / Acacia koa,5,,,,,,,,
maui,619,Waipiʻoiki,Hāmākualoa,,ground 0 to 1600 ft; rain 100 to 140 in a year; streams Waipiʻo (all year),,,15,,,,,,,,
maui,620,Waipiʻonui,Hāmākualoa,,ground 20 to 930 ft; rain 100 to 120 in a year; streams Waipionui,,,15,,,,,,,,
maui,624,West Hanawana,Hāmākualoa,"West Hanawana: ""sea urchin bay"" (PEM)","ground 0 to 1230 ft; rain 120 to 140 in a year; streams Hanawana (all year), Hoalua (all year)",,,13,,,,,,,,
maui,604,West Kaupakulua,Hāmākualoa,"West Kaupakulua: ""two ridgepoles"" (PEM)","ground 0 to 580 ft; rain 65 to 65 in a year; streams Kapukaulua Gulch (all year), Konanui Gulch",,,17,,,,,,,,
maui,639,West Kaupakulua,Hāmākualoa,"West Kaupakulua: ""two ridgepoles"" (PEM)","ground 1020 to 2330 ft; rain 100 to 120 in a year; streams Kapukaulua Gulch (all year), Kuiaha East Gulch",,,17,,,,,,,,
maui,598,ʻŌpana,Hāmākualoa,"ʻŌpana: ""perhaps related to ʻōpā, squeeze"" (PEM)","ground 0 to 3080 ft; rain 65 to 180 in a year; streams Kākipi Gulch (all year), Kapukaulua, Manawai Gulch, ʻOpana, Uaoa (all year)",,,11,,,,,,,,
maui,626,Hāliʻimaile,Hāmākuapoko,"Hāliʻimaile: ""maile vines strewn"" (PEM)","ground 80 to 1520 ft; rain 25 to 65 in a year; streams Kailua Gulch, Māliko Gulch (all year), Paholoi","Hāliʻimaile: konohiki land, Kekauonohi, LCA 11216",Giant Hawaiian Darner / Anax strenuus; Nēnē / Hawaiian Goose / Branta sandvicensis; Koa bug / Coleotichus blackburniae; Pilo / Coprosma montana,7,,,,,,,,
maui,608,Hāmākuapoko,Hāmākuapoko,"Hāmākuapoko: ""short Hāmākua"" (PEM)","ground 0 to 1160 ft; rain 25 to 65 in a year; streams Hāmākuapoko, Kailua Gulch, Kūʻau, Māliko Gulch (all year), Paholoi",,Manini / Hawaiian Convict Surgeonfish / Acanthurus sandvicensis; Nēnē / Hawaiian Goose / Branta sandvicensis; ʻOpihi makaiauli / Black-foot ʻOpihi / Cellana exarata; Zebra Blenny / Istiblennius zebra; Leho Kōlea / Reticulated Cowrie / Mauritia maculifera; ʻŌhiʻa Lehua / Metrosideros polymorpha; Naio / Myoporum sandwicense; Hawaiian Spotted Nerite / Neripteron neglectum; Māmaki / Pipturus albidus; ʻĀkia / Wikstroemia uva-ursi,3,,,,,,,,
maui,656,Makawao,Hāmākuapoko,"Makawao: ""forest beginning"" (PEM)","ground 1370 to 4960 ft; rain 50 to 140 in a year; streams Kailua Gulch, Kākipi Gulch (all year), Māliko Gulch (all year), Paholoi","Makawao: Government land, Kaleipaihala",ʻŌhiʻa Lehua / Metrosideros polymorpha; Koa / Acacia koa; Hāpuʻu pulu / Cibotium glaucum; Hoi kuahiwi / Smilax melastomifolia; Nēnē / Hawaiian Goose / Branta sandvicensis; Nananana Makakiʻi / Hawaiian Happy Face Spider / Theridion grallator; Koa bug / Coleotichus blackburniae; Hawaiian Upland Damselfly / Megalagrion hawaiiense,11,,,,,,,,
maui,674,East Honomāʻele,Hāna,"East Honomāʻele: ""numb bay"" (PEM)",ground 10 to 2840 ft; rain 100 to 260 in a year; streams Honomāʻele Gulch (all year),,,7,,,,,,,,
maui,689,Haneoʻo,Hāna,"Haneoʻo: ""mature soul"" (PEM)",ground 0 to 2050 ft; rain 65 to 120 in a year; streams Haneʻoʻo Gulch (all year),"Haneoʻo: konohiki land, Julia A. Kauwa, LCA 8525-B",Manini / Hawaiian Convict Surgeonfish / Acanthurus sandvicensis; Leho Kōlea / Reticulated Cowrie / Mauritia maculifera,20,,,,,,,,
maui,676,Honokalani,Hāna,,ground 0 to 230 ft; rain 80 to 80 in a year,,ʻOpihi ʻālinalina / Yellow-foot ʻOpihi / Cellana sandwicensis; Painted Hermit Crab / Calcinus pictus; ʻOpihi makaiauli / Black-foot ʻOpihi / Cellana exarata,5,,,,,,,,
maui,696,Hāmoa,Hāna,"Hāmoa: ""perhaps a shortening of Haʻamoa, an old name for Samoa"" (PEM)",ground 0 to 1200 ft; rain 65 to 80 in a year,,Manini / Hawaiian Convict Surgeonfish / Acanthurus sandvicensis; ʻOpihi makaiauli / Black-foot ʻOpihi / Cellana exarata; Hawaiian Gregory / Plectroglyphidodon marginatus,4,,,,,,,,
maui,678,Kawaipapa,Hāna,"Kawaipapa: ""the stratum stream"" (PEM)","ground 0 to 6700 ft; rain 65 to 400 in a year; streams ʻAlaʻalaʻula Gulch (all year), Haneʻoʻo Gulch (all year), Holoināwāwae, Honomāʻele Gulch (all year), Kapia (all year), Kawaipapa Gulch (all year)",,Hawaiian Sergeant Major / Abudefduf abdominalis; Manini / Hawaiian Convict Surgeonfish / Acanthurus sandvicensis; ʻOpihi makaiauli / Black-foot ʻOpihi / Cellana exarata; ʻIʻiwi / Drepanis coccinea; Zebra Blenny / Istiblennius zebra; Beautiful Hawaiian Damselfly / Megalagrion calliphya; Hawaiian Spotted Nerite / Neripteron neglectum; ʻAlaʻala wai nui / Slender Peperomia / Peperomia leptostachya,22,,,,,,,,
maui,675,Kawela,Hāna,"Kawela: ""the heat"" (PEM)",ground 0 to 2850 ft; rain 80 to 240 in a year; streams Kawela,,Hāpuʻu iʻi / Cibotium menziesii,,,,,,,,,
maui,698,Kākiʻo,Hāna,"Kākiʻo: ""mange, impetigo, itch"" (PE)","ground 0 to 3440 ft; rain 65 to 200 in a year; streams Kapia (all year), Waiohonu (all year)",,,5,,,,,,,,
maui,693,Mokae,Hāna,,ground 0 to 1590 ft; rain 65 to 100 in a year; streams Kapia (all year),,ʻOpihi makaiauli / Black-foot ʻOpihi / Cellana exarata,14,,,,,,,,
maui,699,Mūʻolea,Hāna,,"ground 0 to 3420 ft; rain 80 to 200 in a year; streams ʻAlaʻalaʻula Gulch (all year), Papahawahawa Gulch (all year), Wailua (all year), Waiohonu (all year)",,,13,,,,,,,,
maui,708,Puaʻaluʻu,Hāna,"Puaʻaluʻu: ""diving pig"" (PEM)",ground 0 to 1830 ft; rain 100 to 120 in a year; streams Puaʻaluʻu Gulch (all year),,,3,,,,,,,,
maui,701,Puʻuhaoa,Hāna,"Puʻuhaoa: ""hot hill"" (PEM)","ground 0 to 4580 ft; rain 100 to 280 in a year; streams Hāhālawe Gulch (all year), Honolewa (all year), Kakiweka Gulch (all year), Waiʻeli (all year)",,,3,,,,,,,,
maui,702,Wailua,Hāna,"Wailua: ""two waters"" (PEM)","ground 10 to 4550 ft; rain 100 to 280 in a year; streams Honolewa (all year), Wailua (all year)","Wailua: Crown land, Keohokalole",,6,,,,,,,,
maui,700,Waiohonu,Hāna,"Waiohonu: ""water of [the] turtle"" (PEM)","ground 0 to 1810 ft; rain 65 to 120 in a year; streams Papahawahawa Gulch (all year), Pukuilua Gulch, Waiohonu (all year)",,,8,,,,,,,,
maui,673,West Honomāʻele,Hāna,"West Honomāʻele: ""numb bay"" (PEM)",ground 0 to 3190 ft; rain 100 to 280 in a year; streams Honomāʻele Gulch (all year),,Māmaki / Pipturus albidus; ʻAmaʻu / Sadleria cyatheoides; Elegant bristle fern / Vandenboschia cyrtotheca; Oahu Sedge / Carex wahuensis,7,,,,,,,,
maui,677,Wākiu,Hāna,"Wākiu: ""northwest wind sound"" (PEM)",ground 0 to 1840 ft; rain 80 to 160 in a year,"Wākiu: Government land, Lot Kamehameha",Zebra Blenny / Istiblennius zebra; Māmaki / Pipturus albidus,5,,,,,,,,
maui,712,Auwahi,Kahikinui,"Auwahi: ""smoky glow"" (PEM)",ground 0 to 6780 ft; rain 25 to 25 in a year; streams Kanao,,Kōlea lau nui / Myrsine lessertiana; Pua kala / Argemone glauca; Alaweo / ʻAweoweo / Chenopodium oahuense; Pāʻū o Hiʻiaka / Jacquemontia sandwicensis,8,,,,,,,,
maui,694,Kahikinui,Kahikinui,"Kahikinui: ""great Tahiti"" (PEM)","ground 0 to 10000 ft; rain 25 to 120 in a year; streams Kahalemakani Gulch, Kepuni Gulch, Manawainui Gulch, Nakaaha, Palaha Gulch, Poʻopoʻo Gulch",,Kūpaoa / Dubautia menziesii; Māmane / Sophora chrysophylla; Pilo / Coprosma montana; Pāʻū o Hiʻiaka / Jacquemontia sandwicensis; Nēnē / Hawaiian Goose / Branta sandvicensis; ʻOpihi makaiauli / Black-foot ʻOpihi / Cellana exarata,,,,,,,,,
maui,695,Naholoku,Kaupō,,"ground 0 to 8060 ft; rain 25 to 200 in a year; streams ʻElialiʻi Gulch, Kahualau Gulch, Kālepa Gulch (all year), Māʻalo Gulch, Mamalu, Manawainui (all year)",,Nēnē / Hawaiian Goose / Branta sandvicensis; ʻĀkala / Rubus hawaiensis; ʻIʻiwi / Drepanis coccinea; Kōlea lau nui / Myrsine lessertiana; ʻŌhiʻa Lehua / Metrosideros polymorpha; ʻApapane / Himatione sanguinea; ʻAmaʻu / Sadleria cyatheoides; Nananana Makakiʻi / Hawaiian Happy Face Spider / Theridion grallator; Giant Hawaiian Darner / Anax strenuus; Hawaiʻi ʻAmakihi / Chlorodrepanis virens,,,,,,,,,
maui,705,Nakula,Kaupō,"Nakula: ""the plains"" (PE)","ground 0 to 9130 ft; rain 25 to 50 in a year; streams Hāwelewele Gulch, Huakini, Pāhihi Gulch, Waiopae Gulch, Waiʻōpai",,Nananana Makakiʻi / Hawaiian Happy Face Spider / Theridion grallator; Koa bug / Coleotichus blackburniae; Pāʻū o Hiʻiaka / Jacquemontia sandwicensis; Kōlea lau nui / Myrsine lessertiana; Koa / Acacia koa; Pua kala / Argemone glauca; Nēnē / Hawaiian Goose / Branta sandvicensis,9,,,,,,,,
maui,697,Nuʻu,Kaupō,"Nuʻu: ""height"" (PEM)",ground 0 to 8420 ft; rain 25 to 100 in a year; streams Hāwelewele Gulch,,Nēnē / Hawaiian Goose / Branta sandvicensis; Kūpaoa / Dubautia menziesii; ʻŌhelo ʻai / ʻOhelo ʻai / Vaccinium reticulatum; Pilo / Coprosma montana; ʻIʻiwi / Drepanis coccinea; Kūkaenēnē / ʻAiakanene / Coprosma ernodeoides; ʻApapane / Himatione sanguinea; Aeʻo / Hawaiian Stilt / Himantopus mexicanus,45,,,,,,,,
maui,638,East Makaīwa,Koʻolau,,"ground 0 to 3060 ft; rain 120 to 240 in a year; streams Kaʻaiea (all year), Kōlea (all year), ʻOʻopuola (all year), Punaluʻu Gulch, Puohokamoa (all year), Wahinepeʻe",,ʻŌhiʻa Lehua / Metrosideros polymorpha; ʻIʻiwi / Drepanis coccinea; Koa / Acacia koa; ʻĀkala / Rubus hawaiensis; Hāpuʻu pulu / Cibotium glaucum,,,,,,,,,
maui,644,Honomanü,Koʻolau,,"ground 0 to 3030 ft; rain 140 to 240 in a year; streams Haipuaʻena (all year), Honomanū (all year), Nuaʻailua (all year), Punalau (all year), Puohokamoa (all year)",,Giant Hawaiian Darner / Anax strenuus; Hāpuʻu pulu / Cibotium glaucum,23,,,,,,,,
maui,652,Keʻanae,Koʻolau,"Keʻanae: ""the mullet"" (PEM)","ground 0 to 8060 ft; rain 120 to 240 in a year; streams Kōpiliʻula (all year), Nuaʻailua (all year), ʻŌhiʻa (all year), Piʻinaʻau (all year), Wailuaiki East (all year), Wailuaiki West (all year)",,Zebra Blenny / Istiblennius zebra; Manini / Hawaiian Convict Surgeonfish / Acanthurus sandvicensis; Āholehole / Hawaiian Flagtail / Kuhlia xenura; Hawaiian Upland Damselfly / Megalagrion hawaiiense; Giant Hawaiian Darner / Anax strenuus; ʻOpihi makaiauli / Black-foot ʻOpihi / Cellana exarata; Hinalea lau-wili / Saddle Wrasse / Thalassoma duperrey,42,,,,,,,,
maui,667,Koʻolau,Koʻolau,"Koʻolau: ""windward"" (PEM)","ground 0 to 8090 ft; rain 120 to 380 in a year; streams HanawI (all year), Heleleʻikeʻōhā (all year), Honomāʻele Gulch (all year), Kahawaihāpapa Gulch (all year), Kapāʻula Gulch (all year), Kawakoe Gulch (all year)",,Wahine noho mauna / Adenophorus tamariscinus; Hāpuʻu pulu / Cibotium glaucum; Hawaiian Upland Damselfly / Megalagrion hawaiiense; Hāpuʻu iʻi / Cibotium menziesii; ʻŌhiʻa Lehua / Metrosideros polymorpha; Nananana Makakiʻi / Hawaiian Happy Face Spider / Theridion grallator,,,,,,,,,
maui,670,Paʻakea,Koʻolau,"Paʻakea: ""coral bed, limestone"" (PEM)",ground 0 to 1270 ft; rain 180 to 200 in a year; streams Paʻakea Gulch (all year),,,1,,,,,,,,
maui,629,Puʻuomāile,Koʻolau,"Puʻuomāile: ""Maile's hill"" (PE)",ground 20 to 1380 ft; rain 120 to 160 in a year; streams Kailua (all year),,,4,,,,,,,,
maui,631,Pāpaʻaʻea,Koʻolau,"Pāpaʻaʻea: ""turtle-shell piece"" (PEM)","ground 100 to 1330 ft; rain 120 to 160 in a year; streams Kailua (all year), Nāʻiliʻilihaele (all year)","Pāpaʻaʻea: Government land, I. Ii",,18,,,,,,,,
maui,668,Wailuaiki,Koʻolau,,"ground 10 to 2530 ft; rain 160 to 240 in a year; streams Wailuaiki East (all year), Wailuaiki West (all year)",,Hawaiian Upland Damselfly / Megalagrion hawaiiense; ʻŌhiʻa Lehua / Metrosideros polymorpha,,,,,,,,,
maui,663,Wailuanui,Koʻolau,,"ground 0 to 2500 ft; rain 140 to 220 in a year; streams Piʻinaʻau (all year), Wailuaiki West (all year), Wailuanui (all year), Waiokamilo (all year)",,Hāpuʻu pulu / Cibotium glaucum,,,,,,,,,
maui,632,West Makaīwa,Koʻolau,,"ground 0 to 3210 ft; rain 120 to 240 in a year; streams Kaʻaiea (all year), Kailua (all year), Nāʻiliʻilihaele (all year), ʻOʻopuola (all year), Puehu",,,,,,,,,,,
maui,672,ʻUlaʻino,Koʻolau,"ʻUlaʻino: ""stormy red"" (PEM)","ground 0 to 1270 ft; rain 120 to 220 in a year; streams Heleleʻikeʻōhā (all year), Kawakoe Gulch (all year)","ʻUlaʻino: konohiki land, J. Y. Kanehoa, LCA 8518-B",,2,,,,,,,,
maui,669,Aʻapueo,Kula,,ground 890 to 3990 ft; rain 35 to 50 in a year; streams Kalialinui Gulch,,Nēnē / Hawaiian Goose / Branta sandvicensis; Koa bug / Coleotichus blackburniae; Wiliwili / Erythrina sandwicensis,9,,,,,,,,
maui,664,Kalialinui,Kula,,"ground 420 to 9560 ft; rain 25 to 120 in a year; streams Hanehoi, Honomanū (all year), Kailua Gulch, Kalialinui Gulch, Kōpiliʻula (all year), Māliko Gulch (all year)",,ʻIʻiwi / Drepanis coccinea; ʻŌhelo ʻai / ʻOhelo ʻai / Vaccinium reticulatum; Māmane / Sophora chrysophylla; Nēnē / Hawaiian Goose / Branta sandvicensis; ʻApapane / Himatione sanguinea; Pilo / Coprosma montana; ʻŌhiʻa Lehua / Metrosideros polymorpha; Hawaiian Blue / Udara blackburni; Hawaiʻi ʻAmakihi / Chlorodrepanis virens; Nananana Makakiʻi / Hawaiian Happy Face Spider / Theridion grallator; Koa bug / Coleotichus blackburniae; Beautiful Hawaiian Damselfly / Megalagrion calliphya,30,,,,,,,,
maui,692,Kamaʻole,Kula,"Kamaʻole: ""childless"" (PEM)","ground 0 to 7050 ft; rain 15 to 35 in a year; streams Keawakapu, Liilioholo","Kamaʻole: Government land, Kekualoa",ʻOpihi makaiauli / Black-foot ʻOpihi / Cellana exarata; Pāʻū o Hiʻiaka / Jacquemontia sandwicensis; Zebra Blenny / Istiblennius zebra; Manini / Hawaiian Convict Surgeonfish / Acanthurus sandvicensis; Naio / Myoporum sandwicense; Painted Hermit Crab / Calcinus pictus; Alaweo / ʻAweoweo / Chenopodium oahuense; Leho Kōlea / Reticulated Cowrie / Mauritia maculifera; Hinalea lau-wili / Saddle Wrasse / Thalassoma duperrey; Nēnē / Hawaiian Goose / Branta sandvicensis; Hawaiian Dascyllus / Dascyllus albisella; ʻIʻiwi / Drepanis coccinea; ʻĀkala / Rubus hawaiensis; ʻOpihi koʻele / Giant ʻOpihi / Cellana talcosa; Henshaw's shore crab / Cyclograpsus henshawi; ʻApapane / Himatione sanguinea,17,,,,,,,,
maui,681,Kamehameiki,Kula,"Kamehameiki: ""the small hame tree"" (PE)",ground 1700 to 5230 ft; rain 25 to 25 in a year; streams Waikapū,"Kamehameiki: Government land, Keohokalole",,3,,,,,,,,
maui,679,Kamehamenui,Kula,"Kamehamenui: ""the large hame tree"" (PE)","ground 1180 to 9890 ft; rain 25 to 35 in a year; streams Waiakoa Gulch, Waikapū","Kamehamenui: konohiki land, Keohokalole, LCA 8452",Kūpaoa / Dubautia menziesii; Kūkaenēnē / ʻAiakanene / Coprosma ernodeoides; ʻIʻiwi / Drepanis coccinea; Pua kala / Argemone glauca; Nēnē / Hawaiian Goose / Branta sandvicensis; ʻApapane / Himatione sanguinea,3,,,,,,,,
maui,685,Kaʻonoʻulu,Kula,"Kaʻonoʻulu: ""the desire [for] breadfruit"" (PEM)",ground 0 to 9120 ft; rain 15 to 35 in a year; streams Kūlanihākoʻi Gulch,"Kaʻonoʻulu: konohiki land, H. Hewahewa, LCA 3237",ʻŌhiʻa Lehua / Metrosideros polymorpha; Aeʻo / Hawaiian Stilt / Himantopus mexicanus; Māmaki / Pipturus albidus; ʻApapane / Himatione sanguinea; Koa / Acacia koa; Nēnē / Hawaiian Goose / Branta sandvicensis; ʻIʻiwi / Drepanis coccinea; Wiliwili / Erythrina sandwicensis; ʻOpihi makaiauli / Black-foot ʻOpihi / Cellana exarata; Milletseed Butterflyfish / Chaetodon miliaris; Āholehole / Hawaiian Flagtail / Kuhlia xenura; Hawaiian Blue / Udara blackburni,22,,,,,,,,
maui,688,Kēōkea,Kula,,ground 0 to 7290 ft; rain 15 to 35 in a year; streams Waimāhaʻihaʻi,"Kēōkea: Crown land, Keohokalole",Aeʻo / Hawaiian Stilt / Himantopus mexicanus; Nēnē / Hawaiian Goose / Branta sandvicensis; Āholehole / Hawaiian Flagtail / Kuhlia xenura; ʻOpihi makaiauli / Black-foot ʻOpihi / Cellana exarata; ʻAlae keʻokeʻo / Hawaiian Coot / Fulica alai; Hawaiian Blue / Udara blackburni,19,,,,,,,,
maui,687,Kōheo 1-2,Kula,,ground 60 to 5990 ft; rain 15 to 35 in a year; streams Kūlanihākoʻi Gulch,,ʻĀkia / Wikstroemia uva-ursi,2,,,,,,,,
maui,643,Makaʻehu,Kula,,"ground 410 to 4050 ft; rain 25 to 65 in a year; streams Kailua Gulch, Kalialinui Gulch, Keāhua, Pukalani",,Koa bug / Coleotichus blackburniae; Nēnē / Hawaiian Goose / Branta sandvicensis,5,,,,,,,,
maui,704,Paeahu,Kula,,"ground 0 to 5620 ft; rain 15 to 25 in a year; streams Keawakapu, Wai Lea",,Manini / Hawaiian Convict Surgeonfish / Acanthurus sandvicensis; Zebra Blenny / Istiblennius zebra; ʻĀkia / Wikstroemia uva-ursi; ʻOpihi makaiauli / Black-foot ʻOpihi / Cellana exarata; ʻAlae keʻokeʻo / Hawaiian Coot / Fulica alai; Painted Hermit Crab / Calcinus pictus; Naio / Myoporum sandwicense; Pua kala / Argemone glauca; Hawaiian Spotted Toby / Canthigaster jactator; Kāwelu / Kawelu / Eragrostis variabilis; Hinalea lau-wili / Saddle Wrasse / Thalassoma duperrey; Gold Lace Nudibranch / Halgerda terramtuentis; Aeʻo / Hawaiian Stilt / Himantopus mexicanus; Leho Kōlea / Reticulated Cowrie / Mauritia maculifera,12,,,,,,,,
maui,680,Pūlehuiki,Kula,"Pūlehuiki: ""small Pulehu"" (PE)",ground 1540 to 5890 ft; rain 25 to 35 in a year; streams Waikapū,"Pūlehuiki: Government land, Ke",ʻŌhiʻa Lehua / Metrosideros polymorpha; Wiliwili / Erythrina sandwicensis; Māmane / Sophora chrysophylla,28,,,,,,,,
maui,666,Pūlehunui,Kula,"Pūlehunui: ""large Pulehu"" (PE)","ground 0 to 9530 ft; rain 15 to 35 in a year; streams Waiakoa Gulch, Waikapū","Pūlehunui: konohiki land, Keaweamahi, LCA 5230",Naio / Myoporum sandwicense; Aeʻo / Hawaiian Stilt / Himantopus mexicanus; ʻŌhiʻa Lehua / Metrosideros polymorpha; Koa / Acacia koa; ʻAmaʻu / Sadleria cyatheoides; Nēnē / Hawaiian Goose / Branta sandvicensis; ʻAlae keʻokeʻo / Hawaiian Coot / Fulica alai; Leho Kōlea / Reticulated Cowrie / Mauritia maculifera; Hawaiian Blue / Udara blackburni; Giant Hawaiian Darner / Anax strenuus; Hawaiian Dascyllus / Dascyllus albisella; Transparent Winged Plant Bug / Hyalopeplus pellucidus; Hinalea lau-wili / Saddle Wrasse / Thalassoma duperrey,28,,,,,,,,
maui,682,Waiakoa,Kula,"Waiakoa: ""water [used] by warrior"" (PEM)","ground 0 to 9880 ft; rain 15 to 35 in a year; streams Kūlanihākoʻi Gulch, Waiakoa Gulch, Waikapū",,ʻŌhiʻa Lehua / Metrosideros polymorpha; Koa / Acacia koa; ʻOpihi makaiauli / Black-foot ʻOpihi / Cellana exarata; Aeʻo / Hawaiian Stilt / Himantopus mexicanus; Pua kala / Argemone glauca,17,,,,,,,,
maui,686,Waiohuli,Kula,"Waiohuli: ""water of change"" (PEM)","ground 0 to 8890 ft; rain 15 to 35 in a year; streams Waimāhaʻihaʻi, Waipuʻilani Gulch",,Aeʻo / Hawaiian Stilt / Himantopus mexicanus; ʻAlae keʻokeʻo / Hawaiian Coot / Fulica alai; Nēnē / Hawaiian Goose / Branta sandvicensis; Koa / Acacia koa; ʻŌhelo ʻai / ʻOhelo ʻai / Vaccinium reticulatum; Māmane / Sophora chrysophylla; Alaweo / ʻAweoweo / Chenopodium oahuense; ʻApapane / Himatione sanguinea,28,,,,,,,,
maui,684,ʻAlae 1-2,Kula,"ʻAlae 1-2: ""mudhen"" (PEM)",ground 890 to 7350 ft; rain 15 to 35 in a year; streams Kūlanihākoʻi Gulch,,Nēnē / Hawaiian Goose / Branta sandvicensis; ʻŌhiʻa Lehua / Metrosideros polymorpha; Koa / Acacia koa; Kūpaoa / Dubautia menziesii; ʻApapane / Himatione sanguinea; ʻŌhelo ʻai / ʻOhelo ʻai / Vaccinium reticulatum,18,,,,,,,,
maui,683,ʻAlae 3-4,Kula,"ʻAlae 3-4: ""mudhen"" (PEM)",ground 1120 to 6660 ft; rain 15 to 35 in a year; streams Kūlanihākoʻi Gulch,,Koa bug / Coleotichus blackburniae; ʻIʻiwi / Drepanis coccinea,18,,,,,,,,
maui,671,ʻŌmaʻopio,Kula,,"ground 440 to 4560 ft; rain 25 to 35 in a year; streams Kalialinui Gulch, Waikapū",,ʻŌhiʻa Lehua / Metrosideros polymorpha; Nēnē / Hawaiian Goose / Branta sandvicensis; ʻIʻiwi / Drepanis coccinea; ʻApapane / Himatione sanguinea; ʻŌhelo ʻai / ʻOhelo ʻai / Vaccinium reticulatum; ʻĀkia / Wikstroemia oahuensis,9,,,,,,,,
maui,586,Honokahua,Kāʻanapali,"Honokahua: ""sites bay"" (PEM)","ground 0 to 4460 ft; rain 35 to 220 in a year; streams Honokahua (all year), Kahana (all year)","Honokahua: konohiki land, Kale Davis, LCA 8522-B",Pāʻū o Hiʻiaka / Jacquemontia sandwicensis; Zebra Blenny / Istiblennius zebra; ʻĀkia / Wikstroemia uva-ursi; ʻŌhiʻa Lehua / Metrosideros polymorpha; Manini / Hawaiian Convict Surgeonfish / Acanthurus sandvicensis; Hinalea lau-wili / Saddle Wrasse / Thalassoma duperrey; Giant Hawaiian Darner / Anax strenuus; ʻOpihi makaiauli / Black-foot ʻOpihi / Cellana exarata; Hāpuʻu meu / Cibotium chamissoi; Koa bug / Coleotichus blackburniae; Hawaiian Dascyllus / Dascyllus albisella,46,,,,,,,,
maui,589,Honokeana,Kāʻanapali,,ground 0 to 1880 ft; rain 35 to 80 in a year; streams Honokeana,,Zebra Blenny / Istiblennius zebra; Manini / Hawaiian Convict Surgeonfish / Acanthurus sandvicensis; Hinalea lau-wili / Saddle Wrasse / Thalassoma duperrey; Painted Hermit Crab / Calcinus pictus; Hawaiian Gregory / Plectroglyphidodon marginatus; Hawaiian Spotted Nerite / Neripteron neglectum; ʻOpihi makaiauli / Black-foot ʻOpihi / Cellana exarata; ʻOpihi ʻālinalina / Yellow-foot ʻOpihi / Cellana sandwicensis; Fisher's Star / Mithrodia fisheri,19,,,,,,,,
maui,583,Honokōhau,Kāʻanapali,"Honokōhau: ""bay drawing dew"" (PEM)","ground 0 to 5790 ft; rain 50 to 360 in a year; streams Anakaluahine Gulch, Honokōhau (all year), Pōhakupule Gulch, Punaha Gulch, Waikeakua Gulch","Honokōhau: konohiki land, Kekuaiwa, LCA 7714-B",Pāʻū o Hiʻiaka / Jacquemontia sandwicensis; Zebra Blenny / Istiblennius zebra; ʻĀkia / Wikstroemia uva-ursi; ʻAkoko / ʻEkoko / Euphorbia celastroides; Āholehole / Hawaiian Flagtail / Kuhlia xenura; Manini / Hawaiian Convict Surgeonfish / Acanthurus sandvicensis,65,,,,,,,,
maui,596,Honokōwai,Kāʻanapali,"Honokōwai: ""bay drawing water"" (PEM)","ground 0 to 5720 ft; rain 25 to 340 in a year; streams Honokōwai (all year), Māhinahina",,Hinalea lau-wili / Saddle Wrasse / Thalassoma duperrey; Zebra Blenny / Istiblennius zebra; Naio / Myoporum sandwicense; Hawaiian Sergeant Major / Abudefduf abdominalis; Manini / Hawaiian Convict Surgeonfish / Acanthurus sandvicensis; Painted Hermit Crab / Calcinus pictus; ʻOpihi makaiauli / Black-foot ʻOpihi / Cellana exarata; ʻŌhiʻa Lehua / Metrosideros polymorpha; Short-armed Sand Octopus / Amphioctopus arenicola; Giant Hawaiian Darner / Anax strenuus; ʻOpihi ʻālinalina / Yellow-foot ʻOpihi / Cellana sandwicensis; Hawaiian Sea Skater / Halobates hawaiiensis; Kanawao / Hydrangea arguta; Pāʻū o Hiʻiaka / Jacquemontia sandwicensis,41,,,,,,,,
maui,584,Honolua,Kāʻanapali,"Honolua: ""two harbors"" (PEM)","ground 0 to 4310 ft; rain 50 to 200 in a year; streams Honolua (all year), Kahauiki Gulch, Pōhakupule Gulch","Honolua: konohiki land, Lunalilo, LCA 8559-B",Hinalea lau-wili / Saddle Wrasse / Thalassoma duperrey; ʻŌhiʻa Lehua / Metrosideros polymorpha; Hawaiian Spotted Toby / Canthigaster jactator; Kole / Goldring Surgeonfish / Ctenochaetus strigosus; Zebra Blenny / Istiblennius zebra; Koa / Acacia koa; Koa bug / Coleotichus blackburniae; Māmaki / Pipturus albidus; ʻAmaʻu / Sadleria cyatheoides,42,,,,,,,,
maui,585,Kahakuloa,Kāʻanapali,,"ground 0 to 4510 ft; rain 35 to 200 in a year; streams Alapapa Gulch, ʻAwalau Gulch, Hononana Gulch (all year), Kahakuloa (all year), Kaikaina, Makalina Gulch",,ʻŌhiʻa Lehua / Metrosideros polymorpha; Naupaka kuahiwi / Scaevola chamissoniana; Pāʻū o Hiʻiaka / Jacquemontia sandwicensis; Hāpuʻu pulu / Cibotium glaucum; ʻApapane / Himatione sanguinea; Zebra Blenny / Istiblennius zebra; Hawaiian Blue / Udara blackburni; Manini / Hawaiian Convict Surgeonfish / Acanthurus sandvicensis; Hawaiʻi ʻAmakihi / Chlorodrepanis virens,30,,,,,,,,
maui,592,Kahana,Kāʻanapali,"Kahana: ""cutting"" (PEM)","ground 0 to 2810 ft; rain 25 to 100 in a year; streams Kahana (all year), Māhinahina",,Zebra Blenny / Istiblennius zebra; Manini / Hawaiian Convict Surgeonfish / Acanthurus sandvicensis; Hawaiian Sergeant Major / Abudefduf abdominalis; Hawaiian Spotted Toby / Canthigaster jactator; ʻOpihi makaiauli / Black-foot ʻOpihi / Cellana exarata; ʻOpihi ʻālinalina / Yellow-foot ʻOpihi / Cellana sandwicensis; Leho Kōlea / Reticulated Cowrie / Mauritia maculifera,10,,,,,,,,
maui,591,Mailepai,Kāʻanapali,,ground 0 to 2180 ft; rain 35 to 100 in a year; streams Kahana (all year),"Mailepai: konohiki land, Konia, LCA 5524",Koa / Acacia koa; ʻOpihi makaiauli / Black-foot ʻOpihi / Cellana exarata,16,,,,,,,,
maui,606,Moʻomoku,Kāʻanapali,"Moʻomoku: ""severed ridge"" (PEM)",ground 580 to 2040 ft; rain 50 to 80 in a year; streams Honokōwai (all year),,Wiliwili / Erythrina sandwicensis,,,,,,,,,
maui,594,Māhinahina 4,Kāʻanapali,,ground 0 to 1380 ft; rain 25 to 65 in a year; streams Māhinahina,,Zebra Blenny / Istiblennius zebra,11,,,,,,,,
maui,593,Nāpili 1,Kāʻanapali,,ground 1170 to 1840 ft; streams Napili,,,18,,,,,,,,
maui,587,Nāpili 2-3,Kāʻanapali,,ground 0 to 1250 ft; rain 35 to 80 in a year,,Manini / Hawaiian Convict Surgeonfish / Acanthurus sandvicensis; Painted Hermit Crab / Calcinus pictus; Zebra Blenny / Istiblennius zebra; Hinalea lau-wili / Saddle Wrasse / Thalassoma duperrey; ʻOpihi makaiauli / Black-foot ʻOpihi / Cellana exarata; Hawaiian Spotted Toby / Canthigaster jactator; ʻĀkia / Wikstroemia uva-ursi; ʻOpihi koʻele / Giant ʻOpihi / Cellana talcosa; Aeʻo / Hawaiian Stilt / Himantopus mexicanus; Leho Kōlea / Reticulated Cowrie / Mauritia maculifera; Naio / Myoporum sandwicense,18,,,,,,,,
maui,588,Nāpili 4-5,Kāʻanapali,,ground 0 to 1280 ft; rain 50 to 80 in a year; streams Napili,,Manini / Hawaiian Convict Surgeonfish / Acanthurus sandvicensis; ʻOpihi makaiauli / Black-foot ʻOpihi / Cellana exarata; Zebra Blenny / Istiblennius zebra; Hinalea lau-wili / Saddle Wrasse / Thalassoma duperrey; ʻĀkia / Wikstroemia uva-ursi,18,,,,,,,,
maui,590,ʻAlaeloa,Kāʻanapali,,"ground 0 to 2010 ft; rain 35 to 100 in a year; streams Honokeana, Kaʻōpala Gulch",,Koa / Acacia koa; Manini / Hawaiian Convict Surgeonfish / Acanthurus sandvicensis; Hinalea lau-wili / Saddle Wrasse / Thalassoma duperrey; Milletseed Butterflyfish / Chaetodon miliaris; Palai lau liʻI / Hymenophyllum obtusum; Zebra Blenny / Istiblennius zebra,20,,,,,,,,
maui,703,Kaʻāpahu,Kīpahulu,"Kaʻāpahu: ""the truncation"" (PEM)","ground 0 to 5910 ft; rain 65 to 240 in a year; streams ʻAlelele (all year), Kaʻāpahu (all year), Kālepa Gulch (all year), Lelekea (all year)","Kaʻāpahu: konohiki land, Lunalilo, LCA 8559-B",,5,,,,,,,,
maui,707,Kukuiʻula,Kīpahulu,"Kukuiʻula: ""red light"" (PEM)","ground 0 to 3870 ft; rain 80 to 220 in a year; streams Kaukauʻai Gulch, Kukuiʻula Gulch (all year), ʻŌpelu Gulch (all year)",,,3,,,,,,,,
maui,713,Kukuiʻulaiki,Kīpahulu,,"ground 0 to 1490 ft; rain 80 to 100 in a year; streams Kukuiʻula Gulch (all year), ʻŌpelu Gulch (all year)",,,,,,,,,,,
maui,709,Kīkoʻo,Kīpahulu,,"ground 0 to 2210 ft; rain 80 to 140 in a year; streams Kalena (all year), Kaukauʻai Gulch","Kīkoʻo: Government land, Lunalilo",,7,,,,,,,,
maui,706,ʻAlaeiki,Kīpahulu,,ground 0 to 2610 ft; rain 80 to 160 in a year; streams ʻOheʻo Gulch (all year),,ʻAkoko / ʻEkoko / Euphorbia celastroides; Māmaki / Pipturus albidus; ʻĀkia / Wikstroemia uva-ursi,,,,,,,,,
maui,690,ʻAlaenui,Kīpahulu,,"ground 0 to 8110 ft; rain 80 to 400 in a year; streams Kaukauʻai Gulch, ʻOheʻo Gulch (all year), Puaʻaluʻu Gulch (all year)",,Kolokolo mokihana / Kukaemoa / Melicope clusiifolia; Wahine noho mauna / Adenophorus tamariscinus; Manono / Kadua affinis; Kaluaha / Puaʻakuhinia / Astelia menziesiana; Koa Longhorn Beetle / Aegolipton reflexum; Perkin's Sphinx / Hyles perkinsi; Nananana Makakiʻi / Hawaiian Happy Face Spider / Theridion grallator; Hawaiian Blue / Udara blackburni,5,,,,,,,,
maui,622,Aki,Lāhainā,,ground 680 to 2030 ft; rain 25 to 65 in a year; streams Wahikuli Gulch (all year),"Aki: konohiki land, Kamamalu, LCA 7713",,2,,,,,,,,
maui,625,Grant 3584,Lāhainā,,,,,,,,,,,,,
maui,648,Halakaʻa,Lāhainā,,"ground 1090 to 2070 ft; rain 35 to 35 in a year; streams Kauaʻula (all year), Luakoi","Halakaʻa: konohiki land, Iosua Kaeo, LCA 8220",,1,,,,,,,,
maui,658,Halakaʻa,Lāhainā,,ground 50 to 320 ft; rain 15 to 15 in a year,"Halakaʻa: konohiki land, Iosua Kaeo, LCA 8220",,1,,,,,,,,
maui,610,Hanakaʻōʻō,Lāhainā,"Hanakaʻōʻō: ""the digging stick bay"" (PEM)",ground 0 to 4110 ft; rain 25 to 200 in a year; streams Wahikuli Gulch (all year),"Hanakaʻōʻō: konohiki land, Lot Kamehameha, LCA 7715",ʻAlae keʻokeʻo / Hawaiian Coot / Fulica alai; Hinalea lau-wili / Saddle Wrasse / Thalassoma duperrey; Manini / Hawaiian Convict Surgeonfish / Acanthurus sandvicensis; Hawaiian Spotted Toby / Canthigaster jactator; ʻOpule / Pearl Wrasse / Anampses cuvier; Pāʻū o Hiʻiaka / Jacquemontia sandwicensis; ʻĀkia / Wikstroemia uva-ursi; Nēnē / Hawaiian Goose / Branta sandvicensis; ʻOpihi makaiauli / Black-foot ʻOpihi / Cellana exarata; ʻOpihi ʻālinalina / Yellow-foot ʻOpihi / Cellana sandwicensis; Leho Kōlea / Reticulated Cowrie / Mauritia maculifera,11,,,,,,,,
maui,623,Hāhākea,Lāhainā,"Hāhākea: ""perhaps white stalk"" (PEM)",ground 1620 to 5140 ft; rain 65 to 280 in a year; streams Wahikuli Gulch (all year),,,4,,,,,,,,
maui,615,Kahua,Lāhainā,"Kahua: ""the fruit"" (PEM)",ground 810 to 1660 ft; rain 50 to 50 in a year,,,,,,,,,,,
maui,617,Kapunakea,Lāhainā,"Kapunakea: ""the clear spring or the white coral"" (PEM)",ground 1160 to 2320 ft; rain 50 to 80 in a year,"Kapunakea: konohiki land, Kekauonohi, LCA 11216",,,,,,,,,,
maui,642,Kauaʻula,Lāhainā,"Kauaʻula: ""the red rain"" (PEM)",ground 1390 to 5250 ft; rain 50 to 260 in a year; streams Kauaʻula (all year),"Kauaʻula: Crown land, Kekauonohi",Kanawao / Hydrangea arguta,5,,,,,,,,
maui,653,Koʻokā,Lāhainā,"Koʻokā: ""push strike"" (PEM)",ground 790 to 880 ft; rain 25 to 25 in a year; streams Kauaʻula (all year),,,2,,,,,,,,
maui,635,Kuholilea,Lāhainā,,ground 460 to 2260 ft; rain 25 to 65 in a year; streams Wahikuli,,,,,,,,,,,
maui,630,Kuhua,Lāhainā,,ground 450 to 2750 ft; rain 25 to 80 in a year; streams Wahikuli,,,1,,,,,,,,
maui,641,Kuʻia,Lāhainā,"Kuʻia: ""obstructed"" (PEM)","ground 40 to 4960 ft; rain 15 to 220 in a year; streams Kahoma (all year), Kauaʻula (all year), Lahaina","Kuʻia: konohiki land, Keelikolani, LCA 7716",,9,,,,,,,,
maui,657,Launiupoko,Lāhainā,"Launiupoko: ""short coconut leaf"" (PEM)","ground 0 to 4740 ft; rain 15 to 120 in a year; streams Ka Pūʻali, Launiupoko (all year), Luakoi",,Painted Hermit Crab / Calcinus pictus; Wiliwili / Erythrina sandwicensis,13,,,,,,,,
maui,640,Moaliʻi,Lāhainā,"Moaliʻi: ""royal cock"" (PEM)",ground 0 to 120 ft; streams Kahoma (all year),,ʻOpihi makaiauli / Black-foot ʻOpihi / Cellana exarata,4,,,,,,,,
maui,645,Mākila,Lāhainā,"Mākila: ""needle"" (PEM)",ground 1000 to 2260 ft; rain 35 to 35 in a year; streams Kauaʻula (all year),"Mākila: konohiki land, J. A. Kauwa, LCA 8525-B",,2,,,,,,,,
maui,655,Olowalu,Lāhainā,"Olowalu: ""many hills"" (PEM)","ground 0 to 5240 ft; rain 15 to 180 in a year; streams Awalua, Kaʻiliʻili, Launiupoko (all year), Līhau, Mōpua, Olowalu (all year)","Olowalu: Crown land, Kamamalu",Hawaiian Spotted Toby / Canthigaster jactator; Kumimi pua / Hawaiian Pom-pom Crab / Lybia edmondsoni; Hawaiian Sergeant Major / Abudefduf abdominalis; Manini / Hawaiian Convict Surgeonfish / Acanthurus sandvicensis; Nēnē / Hawaiian Goose / Branta sandvicensis; Scarface Blenny / Cirripectes vanderbilti; Painted Hermit Crab / Calcinus pictus; Henshaw's shore crab / Cyclograpsus henshawi; Wiliwili / Erythrina sandwicensis; Hawaiian Spotted Nerite / Neripteron neglectum,25,,,,,,,,
maui,637,Panaʻewa,Lāhainā,,ground 300 to 5640 ft; rain 25 to 320 in a year; streams Kahoma (all year),"Panaʻewa: konohiki land, Kekauonohi, LCA 11216",Pāʻū o Hiʻiaka / Jacquemontia sandwicensis,4,,,,,,,,
maui,633,Paunau,Lāhainā,"Paunau: ""completely chewed up"" (PEM)","ground 0 to 5780 ft; rain 15 to 360 in a year; streams Kahoma (all year), Lahaina","Paunau: konohiki land, Kamamalu, LCA 7713",Hawaiian Spotted Toby / Canthigaster jactator; ʻOpihi makaiauli / Black-foot ʻOpihi / Cellana exarata; Hinalea lau-wili / Saddle Wrasse / Thalassoma duperrey; Manini / Hawaiian Convict Surgeonfish / Acanthurus sandvicensis; Nēnē / Hawaiian Goose / Branta sandvicensis; ʻOpule / Pearl Wrasse / Anampses cuvier; Painted Hermit Crab / Calcinus pictus; Uluhe / Sticherus owhyhensis,5,,,,,,,,
maui,650,Polaiki,Lāhainā,,"ground 620 to 2060 ft; rain 25 to 35 in a year; streams Kauaʻula (all year), Luakoi","Polaiki: konohiki land, Ulumaheihei, LCA 7680",Wiliwili / Erythrina sandwicensis,2,,,,,,,,
maui,660,Polanui,Lāhainā,,"ground 0 to 930 ft; rain 15 to 15 in a year; streams Kauaʻula (all year), Luakoi","Polanui: konohiki land, Lunalilo, LCA 8559-B",Manini / Hawaiian Convict Surgeonfish / Acanthurus sandvicensis; ʻĀkia / Wikstroemia uva-ursi,2,,,,,,,,
maui,628,Puʻuki,Lāhainā,"Puʻuki: ""ti plant hill"" (PEM)",ground 500 to 3550 ft; rain 25 to 140 in a year; streams Wahikuli (all year),,,,,,,,,,,
maui,649,Pāhoa,Lāhainā,"Pāhoa: ""dagger"" (PEM)",ground 630 to 1300 ft; rain 25 to 25 in a year; streams Kauaʻula (all year),"Pāhoa: konohiki land, N. Namauu, LCA 10474",,,,,,,,,,
maui,661,Pāhoa,Lāhainā,"Pāhoa: ""dagger"" (PEM)",ground 0 to 460 ft; rain 15 to 15 in a year; streams Kauaʻula (all year),"Pāhoa: konohiki land, N. Namauu, LCA 10474",,,,,,,,,,
maui,647,Pūehuehuiki,Lāhainā,,ground 870 to 1100 ft; rain 25 to 25 in a year; streams Kauaʻula (all year),,,,,,,,,,,
maui,646,Pūehuehunui,Lāhainā,,"ground 1190 to 4500 ft; rain 50 to 100 in a year; streams Kauaʻula (all year), Luakoi",,Oahu Sedge / Carex wahuensis; ʻUki / Uki / Gahnia beecheyi; ʻŌhiʻa Lehua / Metrosideros polymorpha; Naupaka kuahiwi / Scaevola chamissoniana,,,,,,,,,
maui,659,Pūehuehunui,Lāhainā,,ground 0 to 610 ft; rain 15 to 15 in a year; streams Kauaʻula (all year),,,,,,,,,,,
maui,636,Pūʻou,Lāhainā,,ground 650 to 1780 ft; rain 35 to 35 in a year,,,,,,,,,,,
maui,662,Ukumehame,Lāhainā,"Ukumehame: ""paid mehame wood"" (PEM)","ground 0 to 4570 ft; rain 15 to 120 in a year; streams Hanaʻula Gulch, Kaʻalaina Gulch, Kaʻiliʻili, Kamanawai Gulch, Kamaohi Gulch, Kanaio","Ukumehame: Crown land, Lunalilo",Pua kala / Argemone glauca; Zebra Blenny / Istiblennius zebra; Nēnē / Hawaiian Goose / Branta sandvicensis; Pāʻū o Hiʻiaka / Jacquemontia sandwicensis; Pilikoʻa / Redbarred Hawkfish / Cirrhitops fasciatus; ʻŌhiʻa Lehua / Metrosideros polymorpha; Manini / Hawaiian Convict Surgeonfish / Acanthurus sandvicensis; Hawaiian Spotted Toby / Canthigaster jactator; ʻOpihi makaiauli / Black-foot ʻOpihi / Cellana exarata; Kōlea lau nui / Myrsine lessertiana,41,,,,,,,,
maui,616,Wahikuli,Lāhainā,"Wahikuli: ""noisy place"" (PEM)","ground 0 to 4730 ft; rain 15 to 240 in a year; streams Kahoma, Wahikuli (all year)",,Gold Lace Nudibranch / Halgerda terramtuentis; ʻOpule / Pearl Wrasse / Anampses cuvier; Bluestripe Butterflyfish / Chaetodon fremblii; Hawaiian Dascyllus / Dascyllus albisella; Hinalea ʻaki-lolo / Shortnose Wrasse / Macropharyngodon geoffroy; Māmaki / Pipturus albidus,9,,,,,,,,
maui,651,Waineʻe,Lāhainā,,ground 270 to 1000 ft; rain 15 to 15 in a year; streams Kauaʻula (all year),,,5,,,,,,,,
maui,613,Waiehu,Pūʻali Komohana,"Waiehu: ""water spray"" (PEM)","ground 0 to 5130 ft; rain 25 to 200 in a year; streams Kope Gulch, Waiehu (all year)","Waiehu: konohiki land, Lunalilo, LCA 8559-B",ʻOpihi makaiauli / Black-foot ʻOpihi / Cellana exarata; Āholehole / Hawaiian Flagtail / Kuhlia xenura; ʻĀkia / Wikstroemia uva-ursi,66,,,,,,,,
maui,595,Waiheʻe,Pūʻali Komohana,"Waiheʻe: ""squid liquid [Oʻahu]"" (PEM)","ground 0 to 5690 ft; rain 25 to 300 in a year; streams Kalaeiliili, Kālepa Gulch, Kūpaʻa Gulch, Waiheʻe River (all year)","Waiheʻe: konohiki land, Kamamalu, LCA 7713",ʻŌhiʻa Lehua / Metrosideros polymorpha; ʻAmaʻu / Sadleria cyatheoides; Naupaka kuahiwi / Scaevola chamissoniana; ʻĀkia / Wikstroemia uva-ursi; ʻApapane / Himatione sanguinea; Aeʻo / Hawaiian Stilt / Himantopus mexicanus; Maui-Nui Seaslater / Ligia mauinuiensis; Beautiful Hawaiian Damselfly / Megalagrion calliphya,83,,,,,,,,
maui,654,Waikapū,Pūʻali Komohana,,"ground 0 to 4580 ft; rain 15 to 120 in a year; streams Kaiapaokailio, Kanaio, Māʻalaea, Pōhākea Gulch, Waikapū (all year)",,Aeʻo / Hawaiian Stilt / Himantopus mexicanus; ʻAlae keʻokeʻo / Hawaiian Coot / Fulica alai; Nēnē / Hawaiian Goose / Branta sandvicensis; Naio / Myoporum sandwicense; Manini / Hawaiian Convict Surgeonfish / Acanthurus sandvicensis; Pāʻū o Hiʻiaka / Jacquemontia sandwicensis; Wiliwili / Erythrina sandwicensis; Painted Hermit Crab / Calcinus pictus; Zebra Blenny / Istiblennius zebra; Pua kala / Argemone glauca; Āholehole / Hawaiian Flagtail / Kuhlia xenura; Hawaiian Spotted Toby / Canthigaster jactator; ʻOpihi makaiauli / Black-foot ʻOpihi / Cellana exarata; Giant Hawaiian Darner / Anax strenuus; Koa bug / Coleotichus blackburniae; Leho Kōlea / Reticulated Cowrie / Mauritia maculifera; Hawaiian Blue / Udara blackburni; Hawaiian Spotted Nerite / Neripteron neglectum; Coconut Leafroller / Omiodes blackburni,83,,,,,,,,
maui,621,Wailuku,Pūʻali Komohana,"Wailuku: ""water [of] destruction"" (PEM)","ground 0 to 5780 ft; rain 15 to 360 in a year; streams ʻĪao (all year), Kaiapaokailio, Kailua Gulch, Kalialinui Gulch, Keāhua, Māniania",Wailuku: Crown land,Aeʻo / Hawaiian Stilt / Himantopus mexicanus; Nēnē / Hawaiian Goose / Branta sandvicensis; ʻAlae keʻokeʻo / Hawaiian Coot / Fulica alai; ʻŌhiʻa Lehua / Metrosideros polymorpha; Naio / Myoporum sandwicense; Pāʻū o Hiʻiaka / Jacquemontia sandwicensis; Alaweo / ʻAweoweo / Chenopodium oahuense; Āholehole / Hawaiian Flagtail / Kuhlia xenura; Zebra Blenny / Istiblennius zebra; Manini / Hawaiian Convict Surgeonfish / Acanthurus sandvicensis; ʻOpihi makaiauli / Black-foot ʻOpihi / Cellana exarata; Hawaiian Sergeant Major / Abudefduf abdominalis; Leho Kōlea / Reticulated Cowrie / Mauritia maculifera,161,,,,,,,,
